YearStart,YearEnd,LocationAbbr,LocationDesc,Datasource,Class,Topic,Question,Data_Value_Unit,Data_Value_Type,Data_Value,Data_Value_Alt,Data_Value_Footnote_Symbol,Data_Value_Footnote,Low_Confidence_Limit,High_Confidence_Limit ,Sample_Size,Total,Age(years),Education,Gender
2011,2011,AL,Alabama,Behavioral Risk Factor Surveillance System,Obesity / Weight Status,Obesity / Weight Status,Percent of adults aged 18 years and older who have obesity,,Value,32,32,,,30.5,33.5,7304,Total,,,
2011,2011,AL,Alabama,Behavioral Risk Factor Surveillance System,Obesity / Weight Status,Obesity / Weight Status,Percent of adults aged 18 years and older who have obesity,,Value,32.3,32.3,,,29.9,34.7,2581,,,,Male
2011,2011,AL,Alabama,Behavioral Risk Factor Surveillance System,Obesity / Weight Status,Obesity / Weight Status,Percent of adults aged 18 years and older who have obesity,,Value,31.8,31.8,,,30,33.6,4723,,,,Female
2011,2011,AL,Alabama,Behavioral Risk Factor Surveillance System,Obesity / Weight Status,Obesity / Weight Status,Percent of adults aged 18 years and older who have obesity,,Value,33.6,33.6,,,29.9,37.6,1153,,,Less than high school,
2011,2011,AL,Alabama,Behavioral Risk Factor Surveillance System,Obesity / Weight Status,Obesity / Weight Status,Percent of adults aged 18 years and older who have obesity,,Value,32.8,32.8,,,30.2,35.6,2402,,,High school graduate,
2011,2011,AL,Alabama,Behavioral Risk Factor Surveillance System,Obesity / Weight Status,Obesity / Weight Status,Percent of adults aged 18 years and older who have obesity,,Value,33.8,33.8,,,31,36.8,1925,,,Some college or technical school,
2011,2011,AL,Alabama,Behavioral Risk Factor Surveillance System,Obesity / Weight Status,Obesity / Weight Status,Percent of adults aged 18 years and older who have obesity,,Value,26.4,26.4,,,23.7,29.3,1812,,,College graduate,
2011,2011,AL,Alabama,Behavioral Risk Factor Surveillance System,Obesity / Weight Status,Obesity / Weight Status,Percent of adults aged 18 years and older who have obesity,,Value,16.3,16.3,,,12.6,20.9,356,,18 - 24,,
2011,2011,AL,Alabama,Behavioral Risk Factor Surveillance System,Obesity / Weight Status,Obesity / Weight Status,Percent of adults aged 18 years and older who have obesity,,Value,35.2,35.2,,,30.7,40,598,,25 - 34,,
2011,2011,AL,Alabama,Behavioral Risk Factor Surveillance System,Obesity / Weight Status,Obesity / Weight Status,Percent of adults aged 18 years and older who have obesity,,Value,35.5,35.5,,,31.6,39.6,865,,35 - 44,,
2011,2011,AL,Alabama,Behavioral Risk Factor Surveillance System,Obesity / Weight Status,Obesity / Weight Status,Percent of adults aged 18 years and older who have obesity,,Value,38,38,,,34.5,41.5,1288,,45 - 54,,
2011,2011,AL,Alabama,Behavioral Risk Factor Surveillance System,Obesity / Weight Status,Obesity / Weight Status,Percent of adults aged 18 years and older who have obesity,,Value,36.4,36.4,,,33.4,39.5,1676,,55 - 64,,
2011,2011,AL,Alabama,Behavioral Risk Factor Surveillance System,Obesity / Weight Status,Obesity / Weight Status,Percent of adults aged 18 years and older who have obesity,,Value,27.1,27.1,,,24.9,29.3,2521,,65 or older,,
2011,2011,AL,Alabama,Behavioral Risk Factor Surveillance System,Obesity / Weight Status,Obesity / Weight Status,Percent of adults aged 18 years and older who have obesity,,Value,38.5,38.5,,,34.4,42.8,1112,,,,
2011,2011,AL,Alabama,Behavioral Risk Factor Surveillance System,Obesity / Weight Status,Obesity / Weight Status,Percent of adults aged 18 years and older who have obesity,,Value,34.8,34.8,,,31.3,38.5,1367,,,,
2011,2011,AL,Alabama,Behavioral Risk Factor Surveillance System,Obesity / Weight Status,Obesity / Weight Status,Percent of adults aged 18 years and older who have obesity,,Value,35.8,35.8,,,31.1,40.8,757,,,,
2011,2011,AL,Alabama,Behavioral Risk Factor Surveillance System,Obesity / Weight Status,Obesity / Weight Status,Percent of adults aged 18 years and older who have obesity,,Value,32.3,32.3,,,28,36.8,861,,,,
2011,2011,AL,Alabama,Behavioral Risk Factor Surveillance System,Obesity / Weight Status,Obesity / Weight Status,Percent of adults aged 18 years and older who have obesity,,Value,34.1,34.1,,,29.7,38.8,785,,,,
2011,2011,AL,Alabama,Behavioral Risk Factor Surveillance System,Obesity / Weight Status,Obesity / Weight Status,Percent of adults aged 18 years and older who have obesity,,Value,28.8,28.8,,,25.4,32.5,1125,,,,
2011,2011,AL,Alabama,Behavioral Risk Factor Surveillance System,Obesity / Weight Status,Obesity / Weight Status,Percent of adults aged 18 years and older who have obesity,,Value,23.8,23.8,,,20.7,27.3,1297,,,,
2011,2011,AL,Alabama,Behavioral Risk Factor Surveillance System,Obesity / Weight Status,Obesity / Weight Status,Percent of adults aged 18 years and older who have obesity,,Value,29.8,29.8,,,28,31.6,5042,,,,
2011,2011,AL,Alabama,Behavioral Risk Factor Surveillance System,Obesity / Weight Status,Obesity / Weight Status,Percent of adults aged 18 years and older who have obesity,,Value,40.1,40.1,,,36.9,43.3,1878,,,,
2011,2011,AL,Alabama,Behavioral Risk Factor Surveillance System,Obesity / Weight Status,Obesity / Weight Status,Percent of adults aged 18 years and older who have obesity,,Value,28.6,28.6,,,17.5,43.1,115,,,,
2011,2011,AL,Alabama,Behavioral Risk Factor Surveillance System,Obesity / Weight Status,Obesity / Weight Status,Percent of adults aged 18 years and older who have obesity,,Value,,,~,Data not available because sample size is insufficient.,,,,,,,
2011,2011,AL,Alabama,Behavioral Risk Factor Surveillance System,Obesity / Weight Status,Obesity / Weight Status,Percent of adults aged 18 years and older who have obesity,,Value,,,~,Data not available because sample size is insufficient.,,,,,,,
2011,2011,AL,Alabama,Behavioral Risk Factor Surveillance System,Obesity / Weight Status,Obesity / Weight Status,Percent of adults aged 18 years and older who have obesity,,Value,32.9,32.9,,,18.4,51.7,61,,,,
2011,2011,AL,Alabama,Behavioral Risk Factor Surveillance System,Obesity / Weight Status,Obesity / Weight Status,Percent of adults aged 18 years and older who have obesity,,Value,27.8,27.8,,,14.4,46.9,58,,,,
2011,2011,AL,Alabama,Behavioral Risk Factor Surveillance System,Obesity / Weight Status,Obesity / Weight Status,Percent of adults aged 18 years and older who have obesity,,Value,,,~,Data not available because sample size is insufficient.,,,,,,,
2011,2011,AL,Alabama,Behavioral Risk Factor Surveillance System,Obesity / Weight Status,Obesity / Weight Status,Percent of adults aged 18 years and older who have an overweight classification,,Value,34.7,34.7,,,33.1,36.3,7304,Total,,,
2011,2011,AL,Alabama,Behavioral Risk Factor Surveillance System,Obesity / Weight Status,Obesity / Weight Status,Percent of adults aged 18 years and older who have an overweight classification,,Value,39,39,,,36.5,41.6,2581,,,,Male
2011,2011,AL,Alabama,Behavioral Risk Factor Surveillance System,Obesity / Weight Status,Obesity / Weight Status,Percent of adults aged 18 years and older who have an overweight classification,,Value,30.5,30.5,,,28.7,32.4,4723,,,,Female
2011,2011,AL,Alabama,Behavioral Risk Factor Surveillance System,Obesity / Weight Status,Obesity / Weight Status,Percent of adults aged 18 years and older who have an overweight classification,,Value,33.2,33.2,,,29.2,37.5,1153,,,Less than high school,
2011,2011,AL,Alabama,Behavioral Risk Factor Surveillance System,Obesity / Weight Status,Obesity / Weight Status,Percent of adults aged 18 years and older who have an overweight classification,,Value,34.1,34.1,,,31.4,36.8,2402,,,High school graduate,
2011,2011,AL,Alabama,Behavioral Risk Factor Surveillance System,Obesity / Weight Status,Obesity / Weight Status,Percent of adults aged 18 years and older who have an overweight classification,,Value,35,35,,,32.1,38.1,1925,,,Some college or technical school,
2011,2011,AL,Alabama,Behavioral Risk Factor Surveillance System,Obesity / Weight Status,Obesity / Weight Status,Percent of adults aged 18 years and older who have an overweight classification,,Value,36.8,36.8,,,33.8,39.8,1812,,,College graduate,
2011,2011,AL,Alabama,Behavioral Risk Factor Surveillance System,Obesity / Weight Status,Obesity / Weight Status,Percent of adults aged 18 years and older who have an overweight classification,,Value,27.1,27.1,,,21.6,33.3,356,,18 - 24,,
2011,2011,AL,Alabama,Behavioral Risk Factor Surveillance System,Obesity / Weight Status,Obesity / Weight Status,Percent of adults aged 18 years and older who have an overweight classification,,Value,31.9,31.9,,,27.4,36.7,598,,25 - 34,,
2011,2011,AL,Alabama,Behavioral Risk Factor Surveillance System,Obesity / Weight Status,Obesity / Weight Status,Percent of adults aged 18 years and older who have an overweight classification,,Value,33.3,33.3,,,29.4,37.5,857,,35 - 44,,
2011,2011,AL,Alabama,Behavioral Risk Factor Surveillance System,Obesity / Weight Status,Obesity / Weight Status,Percent of adults aged 18 years and older who have an overweight classification,,Value,35.8,35.8,,,32.5,39.3,1286,,45 - 54,,
2011,2011,AL,Alabama,Behavioral Risk Factor Surveillance System,Obesity / Weight Status,Obesity / Weight Status,Percent of adults aged 18 years and older who have an overweight classification,,Value,38.9,38.9,,,35.7,42.2,1650,,55 - 64,,
2011,2011,AL,Alabama,Behavioral Risk Factor Surveillance System,Obesity / Weight Status,Obesity / Weight Status,Percent of adults aged 18 years and older who have an overweight classification,,Value,39,39,,,36.6,41.5,2520,,65 or older,,
2011,2011,AL,Alabama,Behavioral Risk Factor Surveillance System,Obesity / Weight Status,Obesity / Weight Status,Percent of adults aged 18 years and older who have an overweight classification,,Value,28.4,28.4,,,24.4,32.6,1112,,,,
2011,2011,AL,Alabama,Behavioral Risk Factor Surveillance System,Obesity / Weight Status,Obesity / Weight Status,Percent of adults aged 18 years and older who have an overweight classification,,Value,31.9,31.9,,,28.5,35.5,1367,,,,
2011,2011,AL,Alabama,Behavioral Risk Factor Surveillance System,Obesity / Weight Status,Obesity / Weight Status,Percent of adults aged 18 years and older who have an overweight classification,,Value,35.7,35.7,,,31.1,40.7,757,,,,
2011,2011,AL,Alabama,Behavioral Risk Factor Surveillance System,Obesity / Weight Status,Obesity / Weight Status,Percent of adults aged 18 years and older who have an overweight classification,,Value,36.6,36.6,,,32.2,41.3,861,,,,
2011,2011,AL,Alabama,Behavioral Risk Factor Surveillance System,Obesity / Weight Status,Obesity / Weight Status,Percent of adults aged 18 years and older who have an overweight classification,,Value,36.1,36.1,,,31.7,40.7,785,,,,
2011,2011,AL,Alabama,Behavioral Risk Factor Surveillance System,Obesity / Weight Status,Obesity / Weight Status,Percent of adults aged 18 years and older who have an overweight classification,,Value,38.5,38.5,,,34.7,42.3,1125,,,,
2011,2011,AL,Alabama,Behavioral Risk Factor Surveillance System,Obesity / Weight Status,Obesity / Weight Status,Percent of adults aged 18 years and older who have an overweight classification,,Value,36,36,,,31.9,40.3,1297,,,,
2011,2011,AL,Alabama,Behavioral Risk Factor Surveillance System,Obesity / Weight Status,Obesity / Weight Status,Percent of adults aged 18 years and older who have an overweight classification,,Value,36.4,36.4,,,34.5,38.3,5042,,,,
2011,2011,AL,Alabama,Behavioral Risk Factor Surveillance System,Obesity / Weight Status,Obesity / Weight Status,Percent of adults aged 18 years and older who have an overweight classification,,Value,30.1,30.1,,,27.2,33.2,1878,,,,
2011,2011,AL,Alabama,Behavioral Risk Factor Surveillance System,Obesity / Weight Status,Obesity / Weight Status,Percent of adults aged 18 years and older who have an overweight classification,,Value,34.5,34.5,,,21.5,50.4,115,,,,
2011,2011,AL,Alabama,Behavioral Risk Factor Surveillance System,Obesity / Weight Status,Obesity / Weight Status,Percent of adults aged 18 years and older who have an overweight classification,,Value,,,~,Data not available because sample size is insufficient.,,,,,,,
2011,2011,AL,Alabama,Behavioral Risk Factor Surveillance System,Obesity / Weight Status,Obesity / Weight Status,Percent of adults aged 18 years and older who have an overweight classification,,Value,,,~,Data not available because sample size is insufficient.,,,,,,,
2011,2011,AL,Alabama,Behavioral Risk Factor Surveillance System,Obesity / Weight Status,Obesity / Weight Status,Percent of adults aged 18 years and older who have an overweight classification,,Value,31.4,31.4,,,18,48.8,61,,,,
2011,2011,AL,Alabama,Behavioral Risk Factor Surveillance System,Obesity / Weight Status,Obesity / Weight Status,Percent of adults aged 18 years and older who have an overweight classification,,Value,30.4,30.4,,,14.9,52.1,58,,,,
2011,2011,AL,Alabama,Behavioral Risk Factor Surveillance System,Obesity / Weight Status,Obesity / Weight Status,Percent of adults aged 18 years and older who have an overweight classification,,Value,,,~,Data not available because sample size is insufficient.,,,,,,,
2011,2011,AL,Alabama,Behavioral Risk Factor Surveillance System,Fruits and Vegetables,Fruits and Vegetables - Behavior,Percent of adults who report consuming fruit less than one time daily,,Value,43.8,43.8,,,42.1,45.5,7231,Total,,,
2011,2011,AL,Alabama,Behavioral Risk Factor Surveillance System,Fruits and Vegetables,Fruits and Vegetables - Behavior,Percent of adults who report consuming fruit less than one time daily,,Value,35.4,35.4,,,33,37.9,2408,,65 or older,,
2011,2011,AL,Alabama,Behavioral Risk Factor Surveillance System,Fruits and Vegetables,Fruits and Vegetables - Behavior,Percent of adults who report consuming fruit less than one time daily,,Value,35.4,35.4,,,23,50.2,110,,,,
2011,2011,AL,Alabama,Behavioral Risk Factor Surveillance System,Fruits and Vegetables,Fruits and Vegetables - Behavior,Percent of adults who report consuming fruit less than one time daily,,Value,36.1,36.1,,,33.1,39.1,1844,,,College graduate,
2011,2011,AL,Alabama,Behavioral Risk Factor Surveillance System,Fruits and Vegetables,Fruits and Vegetables - Behavior,Percent of adults who report consuming fruit less than one time daily,,Value,37.4,37.4,,,21.6,56.5,57,,,,
2011,2011,AL,Alabama,Behavioral Risk Factor Surveillance System,Fruits and Vegetables,Fruits and Vegetables - Behavior,Percent of adults who report consuming fruit less than one time daily,,Value,39.5,39.5,,,36.2,42.8,1883,,,,
2011,2011,AL,Alabama,Behavioral Risk Factor Surveillance System,Fruits and Vegetables,Fruits and Vegetables - Behavior,Percent of adults who report consuming fruit less than one time daily,,Value,39.7,39.7,,,36,43.5,1148,,,,
2011,2011,AL,Alabama,Behavioral Risk Factor Surveillance System,Fruits and Vegetables,Fruits and Vegetables - Behavior,Percent of adults who report consuming fruit less than one time daily,,Value,40.1,40.1,,,38.2,42.1,4792,,,,Female
2011,2011,AL,Alabama,Behavioral Risk Factor Surveillance System,Fruits and Vegetables,Fruits and Vegetables - Behavior,Percent of adults who report consuming fruit less than one time daily,,Value,40.1,40.1,,,35.6,44.7,852,,,,
2011,2011,AL,Alabama,Behavioral Risk Factor Surveillance System,Fruits and Vegetables,Fruits and Vegetables - Behavior,Percent of adults who report consuming fruit less than one time daily,,Value,41.2,41.2,,,38.1,44.3,1912,,,Some college or technical school,
2011,2011,AL,Alabama,Behavioral Risk Factor Surveillance System,Fruits and Vegetables,Fruits and Vegetables - Behavior,Percent of adults who report consuming fruit less than one time daily,,Value,41.6,41.6,,,26.2,58.7,64,,,,
2011,2011,AL,Alabama,Behavioral Risk Factor Surveillance System,Fruits and Vegetables,Fruits and Vegetables - Behavior,Percent of adults who report consuming fruit less than one time daily,,Value,41.8,41.8,,,38.7,45,1673,,55 - 64,,
2011,2011,AL,Alabama,Behavioral Risk Factor Surveillance System,Fruits and Vegetables,Fruits and Vegetables - Behavior,Percent of adults who report consuming fruit less than one time daily,,Value,41.8,41.8,,,37.2,46.6,792,,,,
2011,2011,AL,Alabama,Behavioral Risk Factor Surveillance System,Fruits and Vegetables,Fruits and Vegetables - Behavior,Percent of adults who report consuming fruit less than one time daily,,Value,43.1,43.1,,,38.4,47.9,620,,25 - 34,,
2011,2011,AL,Alabama,Behavioral Risk Factor Surveillance System,Fruits and Vegetables,Fruits and Vegetables - Behavior,Percent of adults who report consuming fruit less than one time daily,,Value,43.9,43.9,,,40.1,47.8,1340,,,,
2011,2011,AL,Alabama,Behavioral Risk Factor Surveillance System,Fruits and Vegetables,Fruits and Vegetables - Behavior,Percent of adults who report consuming fruit less than one time daily,,Value,44.8,44.8,,,40.4,49.2,1276,,,,
2011,2011,AL,Alabama,Behavioral Risk Factor Surveillance System,Fruits and Vegetables,Fruits and Vegetables - Behavior,Percent of adults who report consuming fruit less than one time daily,,Value,45,45,,,38.8,51.4,355,,18 - 24,,
2011,2011,AL,Alabama,Behavioral Risk Factor Surveillance System,Fruits and Vegetables,Fruits and Vegetables - Behavior,Percent of adults who report consuming fruit less than one time daily,,Value,45.5,45.5,,,40.5,50.6,749,,,,
2011,2011,AL,Alabama,Behavioral Risk Factor Surveillance System,Fruits and Vegetables,Fruits and Vegetables - Behavior,Percent of adults who report consuming fruit less than one time daily,,Value,45.8,45.8,,,43.8,47.7,4975,,,,
2011,2011,AL,Alabama,Behavioral Risk Factor Surveillance System,Fruits and Vegetables,Fruits and Vegetables - Behavior,Percent of adults who report consuming fruit less than one time daily,,Value,46.9,46.9,,,44,49.8,2356,,,High school graduate,
2011,2011,AL,Alabama,Behavioral Risk Factor Surveillance System,Fruits and Vegetables,Fruits and Vegetables - Behavior,Percent of adults who report consuming fruit less than one time daily,,Value,47.6,47.6,,,44.1,51.2,1299,,45 - 54,,
2011,2011,AL,Alabama,Behavioral Risk Factor Surveillance System,Fruits and Vegetables,Fruits and Vegetables - Behavior,Percent of adults who report consuming fruit less than one time daily,,Value,47.9,47.9,,,45.2,50.6,2439,,,,Male
2011,2011,AL,Alabama,Behavioral Risk Factor Surveillance System,Fruits and Vegetables,Fruits and Vegetables - Behavior,Percent of adults who report consuming fruit less than one time daily,,Value,50.1,50.1,,,46,54.3,876,,35 - 44,,
2011,2011,AL,Alabama,Behavioral Risk Factor Surveillance System,Fruits and Vegetables,Fruits and Vegetables - Behavior,Percent of adults who report consuming fruit less than one time daily,,Value,51.4,51.4,,,46.9,55.8,1105,,,Less than high school,
2011,2011,AL,Alabama,Behavioral Risk Factor Surveillance System,Fruits and Vegetables,Fruits and Vegetables - Behavior,Percent of adults who report consuming fruit less than one time daily,,Value,51.8,51.8,,,47.2,56.3,1074,,,,
2011,2011,AL,Alabama,Behavioral Risk Factor Surveillance System,Fruits and Vegetables,Fruits and Vegetables - Behavior,Percent of adults who report consuming fruit less than one time daily,,Value,,,~,Data not available because sample size is insufficient.,,,,,,,
2011,2011,AL,Alabama,Behavioral Risk Factor Surveillance System,Fruits and Vegetables,Fruits and Vegetables - Behavior,Percent of adults who report consuming fruit less than one time daily,,Value,,,~,Data not available because sample size is insufficient.,,,,,,,
2011,2011,AL,Alabama,Behavioral Risk Factor Surveillance System,Fruits and Vegetables,Fruits and Vegetables - Behavior,Percent of adults who report consuming fruit less than one time daily,,Value,,,~,Data not available because sample size is insufficient.,,,,,,,
2011,2011,AL,Alabama,Behavioral Risk Factor Surveillance System,Fruits and Vegetables,Fruits and Vegetables - Behavior,Percent of adults who report consuming vegetables less than one time daily,,Value,24.3,24.3,,,22.9,25.8,7135,Total,,,
2011,2011,AL,Alabama,Behavioral Risk Factor Surveillance System,Fruits and Vegetables,Fruits and Vegetables - Behavior,Percent of adults who report consuming vegetables less than one time daily,,Value,26.6,26.6,,,24.2,29,2422,,,,Male
2011,2011,AL,Alabama,Behavioral Risk Factor Surveillance System,Fruits and Vegetables,Fruits and Vegetables - Behavior,Percent of adults who report consuming vegetables less than one time daily,,Value,22.3,22.3,,,20.6,24.1,4713,,,,Female
2011,2011,AL,Alabama,Behavioral Risk Factor Surveillance System,Fruits and Vegetables,Fruits and Vegetables - Behavior,Percent of adults who report consuming vegetables less than one time daily,,Value,34.5,34.5,,,30.4,38.8,1073,,,Less than high school,
2011,2011,AL,Alabama,Behavioral Risk Factor Surveillance System,Fruits and Vegetables,Fruits and Vegetables - Behavior,Percent of adults who report consuming vegetables less than one time daily,,Value,27.1,27.1,,,24.6,29.8,2322,,,High school graduate,
2011,2011,AL,Alabama,Behavioral Risk Factor Surveillance System,Fruits and Vegetables,Fruits and Vegetables - Behavior,Percent of adults who report consuming vegetables less than one time daily,,Value,20.8,20.8,,,18.2,23.5,1899,,,Some college or technical school,
2011,2011,AL,Alabama,Behavioral Risk Factor Surveillance System,Fruits and Vegetables,Fruits and Vegetables - Behavior,Percent of adults who report consuming vegetables less than one time daily,,Value,16,16,,,13.8,18.5,1826,,,College graduate,
2011,2011,AL,Alabama,Behavioral Risk Factor Surveillance System,Fruits and Vegetables,Fruits and Vegetables - Behavior,Percent of adults who report consuming vegetables less than one time daily,,Value,31.4,31.4,,,25.8,37.6,361,,18 - 24,,
2011,2011,AL,Alabama,Behavioral Risk Factor Surveillance System,Fruits and Vegetables,Fruits and Vegetables - Behavior,Percent of adults who report consuming vegetables less than one time daily,,Value,25.6,25.6,,,21.5,30.1,611,,25 - 34,,
2011,2011,AL,Alabama,Behavioral Risk Factor Surveillance System,Fruits and Vegetables,Fruits and Vegetables - Behavior,Percent of adults who report consuming vegetables less than one time daily,,Value,23.8,23.8,,,20.5,27.4,869,,35 - 44,,
2011,2011,AL,Alabama,Behavioral Risk Factor Surveillance System,Fruits and Vegetables,Fruits and Vegetables - Behavior,Percent of adults who report consuming vegetables less than one time daily,,Value,23.7,23.7,,,20.8,26.8,1282,,45 - 54,,
2011,2011,AL,Alabama,Behavioral Risk Factor Surveillance System,Fruits and Vegetables,Fruits and Vegetables - Behavior,Percent of adults who report consuming vegetables less than one time daily,,Value,21.6,21.6,,,19.1,24.3,1664,,55 - 64,,
2011,2011,AL,Alabama,Behavioral Risk Factor Surveillance System,Fruits and Vegetables,Fruits and Vegetables - Behavior,Percent of adults who report consuming vegetables less than one time daily,,Value,21.6,21.6,,,19.6,23.7,2348,,65 or older,,
2011,2011,AL,Alabama,Behavioral Risk Factor Surveillance System,Fruits and Vegetables,Fruits and Vegetables - Behavior,Percent of adults who report consuming vegetables less than one time daily,,Value,35.5,35.5,,,31.2,40,1063,,,,
2011,2011,AL,Alabama,Behavioral Risk Factor Surveillance System,Fruits and Vegetables,Fruits and Vegetables - Behavior,Percent of adults who report consuming vegetables less than one time daily,,Value,27.7,27.7,,,24.4,31.2,1326,,,,
2011,2011,AL,Alabama,Behavioral Risk Factor Surveillance System,Fruits and Vegetables,Fruits and Vegetables - Behavior,Percent of adults who report consuming vegetables less than one time daily,,Value,29.4,29.4,,,24.7,34.5,738,,,,
2011,2011,AL,Alabama,Behavioral Risk Factor Surveillance System,Fruits and Vegetables,Fruits and Vegetables - Behavior,Percent of adults who report consuming vegetables less than one time daily,,Value,19.7,19.7,,,16.5,23.4,849,,,,
2011,2011,AL,Alabama,Behavioral Risk Factor Surveillance System,Fruits and Vegetables,Fruits and Vegetables - Behavior,Percent of adults who report consuming vegetables less than one time daily,,Value,19.9,19.9,,,16.1,24.3,793,,,,
2011,2011,AL,Alabama,Behavioral Risk Factor Surveillance System,Fruits and Vegetables,Fruits and Vegetables - Behavior,Percent of adults who report consuming vegetables less than one time daily,,Value,14,14,,,11.5,17,1137,,,,
2011,2011,AL,Alabama,Behavioral Risk Factor Surveillance System,Fruits and Vegetables,Fruits and Vegetables - Behavior,Percent of adults who report consuming vegetables less than one time daily,,Value,26,26,,,22.2,30.3,1229,,,,
2011,2011,AL,Alabama,Behavioral Risk Factor Surveillance System,Fruits and Vegetables,Fruits and Vegetables - Behavior,Percent of adults who report consuming vegetables less than one time daily,,Value,20.7,20.7,,,19.1,22.4,4913,,,,
2011,2011,AL,Alabama,Behavioral Risk Factor Surveillance System,Fruits and Vegetables,Fruits and Vegetables - Behavior,Percent of adults who report consuming vegetables less than one time daily,,Value,36.1,36.1,,,32.9,39.5,1853,,,,
2011,2011,AL,Alabama,Behavioral Risk Factor Surveillance System,Fruits and Vegetables,Fruits and Vegetables - Behavior,Percent of adults who report consuming vegetables less than one time daily,,Value,11.3,11.3,,,6.4,19.1,108,,,,
2011,2011,AL,Alabama,Behavioral Risk Factor Surveillance System,Fruits and Vegetables,Fruits and Vegetables - Behavior,Percent of adults who report consuming vegetables less than one time daily,,Value,,,~,Data not available because sample size is insufficient.,,,,,,,
2011,2011,AL,Alabama,Behavioral Risk Factor Surveillance System,Physical Activity,Physical Activity - Behavior,Percent of adults who engage in muscle-strengthening activities on 2 or more days a week,,Value,32.2,32.2,,,29.4,35.2,1869,,,College graduate,
2011,2011,AL,Alabama,Behavioral Risk Factor Surveillance System,Fruits and Vegetables,Fruits and Vegetables - Behavior,Percent of adults who report consuming vegetables less than one time daily,,Value,,,~,Data not available because sample size is insufficient.,,,,,,,
2011,2011,AL,Alabama,Behavioral Risk Factor Surveillance System,Fruits and Vegetables,Fruits and Vegetables - Behavior,Percent of adults who report consuming vegetables less than one time daily,,Value,27.3,27.3,,,14.6,45.1,63,,,,
2011,2011,AL,Alabama,Behavioral Risk Factor Surveillance System,Fruits and Vegetables,Fruits and Vegetables - Behavior,Percent of adults who report consuming vegetables less than one time daily,,Value,22.1,22.1,,,9.9,42.5,55,,,,
2011,2011,AL,Alabama,Behavioral Risk Factor Surveillance System,Fruits and Vegetables,Fruits and Vegetables - Behavior,Percent of adults who report consuming vegetables less than one time daily,,Value,,,~,Data not available because sample size is insufficient.,,,,,,,
2011,2011,AL,Alabama,Behavioral Risk Factor Surveillance System,Physical Activity,Physical Activity - Behavior,Percent of adults who achieve at least 150 minutes a week of moderate-intensity aerobic physical activity or 75 minutes a week of vigorous-intensity aerobic activity (or an equivalent combination),,Value,42.4,42.4,,,40.7,44,7191,Total,,,
2011,2011,AL,Alabama,Behavioral Risk Factor Surveillance System,Physical Activity,Physical Activity - Behavior,Percent of adults who achieve at least 150 minutes a week of moderate-intensity aerobic physical activity or 75 minutes a week of vigorous-intensity aerobic activity (or an equivalent combination),,Value,45.4,45.4,,,42.7,48.1,2441,,,,Male
2011,2011,AL,Alabama,Behavioral Risk Factor Surveillance System,Physical Activity,Physical Activity - Behavior,Percent of adults who achieve at least 150 minutes a week of moderate-intensity aerobic physical activity or 75 minutes a week of vigorous-intensity aerobic activity (or an equivalent combination),,Value,39.6,39.6,,,37.6,41.6,4750,,,,Female
2011,2011,AL,Alabama,Behavioral Risk Factor Surveillance System,Physical Activity,Physical Activity - Behavior,Percent of adults who achieve at least 150 minutes a week of moderate-intensity aerobic physical activity or 75 minutes a week of vigorous-intensity aerobic activity (or an equivalent combination),,Value,31.5,31.5,,,27.6,35.8,1118,,,Less than high school,
2011,2011,AL,Alabama,Behavioral Risk Factor Surveillance System,Physical Activity,Physical Activity - Behavior,Percent of adults who achieve at least 150 minutes a week of moderate-intensity aerobic physical activity or 75 minutes a week of vigorous-intensity aerobic activity (or an equivalent combination),,Value,40.8,40.8,,,37.9,43.7,2326,,,High school graduate,
2011,2011,AL,Alabama,Behavioral Risk Factor Surveillance System,Physical Activity,Physical Activity - Behavior,Percent of adults who achieve at least 150 minutes a week of moderate-intensity aerobic physical activity or 75 minutes a week of vigorous-intensity aerobic activity (or an equivalent combination),,Value,44,44,,,40.9,47.1,1921,,,Some college or technical school,
2011,2011,AL,Alabama,Behavioral Risk Factor Surveillance System,Physical Activity,Physical Activity - Behavior,Percent of adults who achieve at least 150 minutes a week of moderate-intensity aerobic physical activity or 75 minutes a week of vigorous-intensity aerobic activity (or an equivalent combination),,Value,52.6,52.6,,,49.5,55.7,1813,,,College graduate,
2011,2011,AL,Alabama,Behavioral Risk Factor Surveillance System,Physical Activity,Physical Activity - Behavior,Percent of adults who achieve at least 150 minutes a week of moderate-intensity aerobic physical activity or 75 minutes a week of vigorous-intensity aerobic activity (or an equivalent combination),,Value,49.4,49.4,,,43.1,55.8,352,,18 - 24,,
2011,2011,AL,Alabama,Behavioral Risk Factor Surveillance System,Physical Activity,Physical Activity - Behavior,Percent of adults who achieve at least 150 minutes a week of moderate-intensity aerobic physical activity or 75 minutes a week of vigorous-intensity aerobic activity (or an equivalent combination),,Value,41.9,41.9,,,37.2,46.7,611,,25 - 34,,
2011,2011,AL,Alabama,Behavioral Risk Factor Surveillance System,Physical Activity,Physical Activity - Behavior,Percent of adults who achieve at least 150 minutes a week of moderate-intensity aerobic physical activity or 75 minutes a week of vigorous-intensity aerobic activity (or an equivalent combination),,Value,41.8,41.8,,,37.6,46,856,,35 - 44,,
2011,2011,AL,Alabama,Behavioral Risk Factor Surveillance System,Physical Activity,Physical Activity - Behavior,Percent of adults who engage in muscle-strengthening activities on 2 or more days a week,,Value,25.4,25.4,,,22.7,28.4,1950,,,Some college or technical school,
2011,2011,AL,Alabama,Behavioral Risk Factor Surveillance System,Physical Activity,Physical Activity - Behavior,Percent of adults who achieve at least 150 minutes a week of moderate-intensity aerobic physical activity or 75 minutes a week of vigorous-intensity aerobic activity (or an equivalent combination),,Value,39.3,39.3,,,35.9,42.8,1277,,45 - 54,,
2011,2011,AL,Alabama,Behavioral Risk Factor Surveillance System,Physical Activity,Physical Activity - Behavior,Percent of adults who engage in muscle-strengthening activities on 2 or more days a week,,Value,16.8,16.8,,,14.5,19.3,1721,,55 - 64,,
2011,2011,AL,Alabama,Behavioral Risk Factor Surveillance System,Physical Activity,Physical Activity - Behavior,Percent of adults who achieve at least 150 minutes a week of moderate-intensity aerobic physical activity or 75 minutes a week of vigorous-intensity aerobic activity (or an equivalent combination),,Value,40.2,40.2,,,37.1,43.3,1660,,55 - 64,,
2011,2011,AL,Alabama,Behavioral Risk Factor Surveillance System,Physical Activity,Physical Activity - Behavior,Percent of adults who achieve at least 150 minutes a week of moderate-intensity aerobic physical activity or 75 minutes a week of vigorous-intensity aerobic activity (or an equivalent combination),,Value,43.4,43.4,,,40.9,45.9,2435,,65 or older,,
2011,2011,AL,Alabama,Behavioral Risk Factor Surveillance System,Physical Activity,Physical Activity - Behavior,Percent of adults who achieve at least 150 minutes a week of moderate-intensity aerobic physical activity or 75 minutes a week of vigorous-intensity aerobic activity (or an equivalent combination),,Value,38.8,38.8,,,34.3,43.4,1061,,,,
2011,2011,AL,Alabama,Behavioral Risk Factor Surveillance System,Physical Activity,Physical Activity - Behavior,Percent of adults who achieve at least 150 minutes a week of moderate-intensity aerobic physical activity or 75 minutes a week of vigorous-intensity aerobic activity (or an equivalent combination),,Value,36.7,36.7,,,33.1,40.5,1346,,,,
2011,2011,AL,Alabama,Behavioral Risk Factor Surveillance System,Physical Activity,Physical Activity - Behavior,Percent of adults who achieve at least 150 minutes a week of moderate-intensity aerobic physical activity or 75 minutes a week of vigorous-intensity aerobic activity (or an equivalent combination),,Value,39.3,39.3,,,34.4,44.5,742,,,,
2011,2011,AL,Alabama,Behavioral Risk Factor Surveillance System,Physical Activity,Physical Activity - Behavior,Percent of adults who achieve at least 150 minutes a week of moderate-intensity aerobic physical activity or 75 minutes a week of vigorous-intensity aerobic activity (or an equivalent combination),,Value,48.7,48.7,,,44.1,53.3,853,,,,
2011,2011,AL,Alabama,Behavioral Risk Factor Surveillance System,Physical Activity,Physical Activity - Behavior,Percent of adults who achieve at least 150 minutes a week of moderate-intensity aerobic physical activity or 75 minutes a week of vigorous-intensity aerobic activity (or an equivalent combination),,Value,41.3,41.3,,,36.8,45.9,786,,,,
2011,2011,AL,Alabama,Behavioral Risk Factor Surveillance System,Physical Activity,Physical Activity - Behavior,Percent of adults who achieve at least 150 minutes a week of moderate-intensity aerobic physical activity or 75 minutes a week of vigorous-intensity aerobic activity (or an equivalent combination),,Value,53.5,53.5,,,49.6,57.3,1133,,,,
2011,2011,AL,Alabama,Behavioral Risk Factor Surveillance System,Physical Activity,Physical Activity - Behavior,Percent of adults who achieve at least 150 minutes a week of moderate-intensity aerobic physical activity or 75 minutes a week of vigorous-intensity aerobic activity (or an equivalent combination),,Value,37.9,37.9,,,33.8,42.2,1270,,,,
2011,2011,AL,Alabama,Behavioral Risk Factor Surveillance System,Physical Activity,Physical Activity - Behavior,Percent of adults who achieve at least 150 minutes a week of moderate-intensity aerobic physical activity or 75 minutes a week of vigorous-intensity aerobic activity (or an equivalent combination),,Value,43,43,,,41.1,45,4968,,,,
2011,2011,AL,Alabama,Behavioral Risk Factor Surveillance System,Physical Activity,Physical Activity - Behavior,Percent of adults who achieve at least 150 minutes a week of moderate-intensity aerobic physical activity or 75 minutes a week of vigorous-intensity aerobic activity (or an equivalent combination),,Value,40.6,40.6,,,37.2,44,1863,,,,
2011,2011,AL,Alabama,Behavioral Risk Factor Surveillance System,Physical Activity,Physical Activity - Behavior,Percent of adults who achieve at least 150 minutes a week of moderate-intensity aerobic physical activity or 75 minutes a week of vigorous-intensity aerobic activity (or an equivalent combination),,Value,37.9,37.9,,,24.6,53.3,107,,,,
2011,2011,AL,Alabama,Behavioral Risk Factor Surveillance System,Physical Activity,Physical Activity - Behavior,Percent of adults who achieve at least 150 minutes a week of moderate-intensity aerobic physical activity or 75 minutes a week of vigorous-intensity aerobic activity (or an equivalent combination),,Value,,,~,Data not available because sample size is insufficient.,,,,,,,
2011,2011,AL,Alabama,Behavioral Risk Factor Surveillance System,Physical Activity,Physical Activity - Behavior,Percent of adults who achieve at least 150 minutes a week of moderate-intensity aerobic physical activity or 75 minutes a week of vigorous-intensity aerobic activity (or an equivalent combination),,Value,,,~,Data not available because sample size is insufficient.,,,,,,,
2011,2011,AL,Alabama,Behavioral Risk Factor Surveillance System,Physical Activity,Physical Activity - Behavior,Percent of adults who achieve at least 150 minutes a week of moderate-intensity aerobic physical activity or 75 minutes a week of vigorous-intensity aerobic activity (or an equivalent combination),,Value,43.8,43.8,,,28.3,60.7,64,,,,
2011,2011,AL,Alabama,Behavioral Risk Factor Surveillance System,Physical Activity,Physical Activity - Behavior,Percent of adults who achieve at least 150 minutes a week of moderate-intensity aerobic physical activity or 75 minutes a week of vigorous-intensity aerobic activity (or an equivalent combination),,Value,43.1,43.1,,,25.7,62.4,55,,,,
2011,2011,AL,Alabama,Behavioral Risk Factor Surveillance System,Physical Activity,Physical Activity - Behavior,Percent of adults who achieve at least 150 minutes a week of moderate-intensity aerobic physical activity or 75 minutes a week of vigorous-intensity aerobic activity (or an equivalent combination),,Value,,,~,Data not available because sample size is insufficient.,,,,,,,
2011,2011,AL,Alabama,Behavioral Risk Factor Surveillance System,Physical Activity,Physical Activity - Behavior,Percent of adults who achieve at least 150 minutes a week of moderate-intensity aerobic physical activity or 75 minutes a week of vigorous-intensity aerobic physical activity and engage in muscle-strengthening activities on 2 or more days a week,,Value,15,15,,,13.8,16.3,7145,Total,,,
2011,2011,AL,Alabama,Behavioral Risk Factor Surveillance System,Physical Activity,Physical Activity - Behavior,Percent of adults who achieve at least 150 minutes a week of moderate-intensity aerobic physical activity or 75 minutes a week of vigorous-intensity aerobic physical activity and engage in muscle-strengthening activities on 2 or more days a week,,Value,17.3,17.3,,,15.3,19.6,2424,,,,Male
2011,2011,AL,Alabama,Behavioral Risk Factor Surveillance System,Physical Activity,Physical Activity - Behavior,Percent of adults who achieve at least 150 minutes a week of moderate-intensity aerobic physical activity or 75 minutes a week of vigorous-intensity aerobic physical activity and engage in muscle-strengthening activities on 2 or more days a week,,Value,12.8,12.8,,,11.5,14.3,4721,,,,Female
2011,2011,AL,Alabama,Behavioral Risk Factor Surveillance System,Physical Activity,Physical Activity - Behavior,Percent of adults who achieve at least 150 minutes a week of moderate-intensity aerobic physical activity or 75 minutes a week of vigorous-intensity aerobic physical activity and engage in muscle-strengthening activities on 2 or more days a week,,Value,7.7,7.7,,,5.4,10.7,1111,,,Less than high school,
2011,2011,AL,Alabama,Behavioral Risk Factor Surveillance System,Physical Activity,Physical Activity - Behavior,Percent of adults who achieve at least 150 minutes a week of moderate-intensity aerobic physical activity or 75 minutes a week of vigorous-intensity aerobic physical activity and engage in muscle-strengthening activities on 2 or more days a week,,Value,13.2,13.2,,,11.2,15.6,2307,,,High school graduate,
2011,2011,AL,Alabama,Behavioral Risk Factor Surveillance System,Physical Activity,Physical Activity - Behavior,Percent of adults who achieve at least 150 minutes a week of moderate-intensity aerobic physical activity or 75 minutes a week of vigorous-intensity aerobic physical activity and engage in muscle-strengthening activities on 2 or more days a week,,Value,16.3,16.3,,,13.9,19,1905,,,Some college or technical school,
2011,2011,AL,Alabama,Behavioral Risk Factor Surveillance System,Physical Activity,Physical Activity - Behavior,Percent of adults who achieve at least 150 minutes a week of moderate-intensity aerobic physical activity or 75 minutes a week of vigorous-intensity aerobic physical activity and engage in muscle-strengthening activities on 2 or more days a week,,Value,22.6,22.6,,,19.9,25.4,1810,,,College graduate,
2011,2011,AL,Alabama,Behavioral Risk Factor Surveillance System,Physical Activity,Physical Activity - Behavior,Percent of adults who achieve at least 150 minutes a week of moderate-intensity aerobic physical activity or 75 minutes a week of vigorous-intensity aerobic physical activity and engage in muscle-strengthening activities on 2 or more days a week,,Value,27.2,27.2,,,21.9,33.4,351,,18 - 24,,
2011,2011,AL,Alabama,Behavioral Risk Factor Surveillance System,Physical Activity,Physical Activity - Behavior,Percent of adults who achieve at least 150 minutes a week of moderate-intensity aerobic physical activity or 75 minutes a week of vigorous-intensity aerobic physical activity and engage in muscle-strengthening activities on 2 or more days a week,,Value,16.3,16.3,,,13.1,20,608,,25 - 34,,
2011,2011,AL,Alabama,Behavioral Risk Factor Surveillance System,Physical Activity,Physical Activity - Behavior,Percent of adults who achieve at least 150 minutes a week of moderate-intensity aerobic physical activity or 75 minutes a week of vigorous-intensity aerobic physical activity and engage in muscle-strengthening activities on 2 or more days a week,,Value,17,17,,,14,20.4,851,,35 - 44,,
2011,2011,AL,Alabama,Behavioral Risk Factor Surveillance System,Physical Activity,Physical Activity - Behavior,Percent of adults who achieve at least 150 minutes a week of moderate-intensity aerobic physical activity or 75 minutes a week of vigorous-intensity aerobic physical activity and engage in muscle-strengthening activities on 2 or more days a week,,Value,12.4,12.4,,,10.2,15,1274,,45 - 54,,
2011,2011,AL,Alabama,Behavioral Risk Factor Surveillance System,Physical Activity,Physical Activity - Behavior,Percent of adults who achieve at least 150 minutes a week of moderate-intensity aerobic physical activity or 75 minutes a week of vigorous-intensity aerobic physical activity and engage in muscle-strengthening activities on 2 or more days a week,,Value,9.5,9.5,,,7.8,11.6,1653,,55 - 64,,
2011,2011,AL,Alabama,Behavioral Risk Factor Surveillance System,Physical Activity,Physical Activity - Behavior,Percent of adults who achieve at least 150 minutes a week of moderate-intensity aerobic physical activity or 75 minutes a week of vigorous-intensity aerobic physical activity and engage in muscle-strengthening activities on 2 or more days a week,,Value,10.7,10.7,,,9.2,12.4,2408,,65 or older,,
2011,2011,AL,Alabama,Behavioral Risk Factor Surveillance System,Physical Activity,Physical Activity - Behavior,Percent of adults who achieve at least 150 minutes a week of moderate-intensity aerobic physical activity or 75 minutes a week of vigorous-intensity aerobic physical activity and engage in muscle-strengthening activities on 2 or more days a week,,Value,11.1,11.1,,,8.5,14.3,1055,,,,
2011,2011,AL,Alabama,Behavioral Risk Factor Surveillance System,Physical Activity,Physical Activity - Behavior,Percent of adults who achieve at least 150 minutes a week of moderate-intensity aerobic physical activity or 75 minutes a week of vigorous-intensity aerobic physical activity and engage in muscle-strengthening activities on 2 or more days a week,,Value,10.9,10.9,,,8.5,13.9,1339,,,,
2011,2011,AL,Alabama,Behavioral Risk Factor Surveillance System,Physical Activity,Physical Activity - Behavior,Percent of adults who achieve at least 150 minutes a week of moderate-intensity aerobic physical activity or 75 minutes a week of vigorous-intensity aerobic physical activity and engage in muscle-strengthening activities on 2 or more days a week,,Value,12,12,,,8.9,16.1,740,,,,
2011,2011,AL,Alabama,Behavioral Risk Factor Surveillance System,Physical Activity,Physical Activity - Behavior,Percent of adults who achieve at least 150 minutes a week of moderate-intensity aerobic physical activity or 75 minutes a week of vigorous-intensity aerobic physical activity and engage in muscle-strengthening activities on 2 or more days a week,,Value,16.5,16.5,,,13.2,20.3,846,,,,
2011,2011,AL,Alabama,Behavioral Risk Factor Surveillance System,Physical Activity,Physical Activity - Behavior,Percent of adults who achieve at least 150 minutes a week of moderate-intensity aerobic physical activity or 75 minutes a week of vigorous-intensity aerobic physical activity and engage in muscle-strengthening activities on 2 or more days a week,,Value,16.4,16.4,,,13.2,20.2,784,,,,
2011,2011,AL,Alabama,Behavioral Risk Factor Surveillance System,Physical Activity,Physical Activity - Behavior,Percent of adults who achieve at least 150 minutes a week of moderate-intensity aerobic physical activity or 75 minutes a week of vigorous-intensity aerobic physical activity and engage in muscle-strengthening activities on 2 or more days a week,,Value,21.2,21.2,,,18,24.7,1131,,,,
2011,2011,AL,Alabama,Behavioral Risk Factor Surveillance System,Physical Activity,Physical Activity - Behavior,Percent of adults who achieve at least 150 minutes a week of moderate-intensity aerobic physical activity or 75 minutes a week of vigorous-intensity aerobic physical activity and engage in muscle-strengthening activities on 2 or more days a week,,Value,15.6,15.6,,,12.4,19.4,1250,,,,
2011,2011,AL,Alabama,Behavioral Risk Factor Surveillance System,Physical Activity,Physical Activity - Behavior,Percent of adults who achieve at least 150 minutes a week of moderate-intensity aerobic physical activity or 75 minutes a week of vigorous-intensity aerobic physical activity and engage in muscle-strengthening activities on 2 or more days a week,,Value,14.3,14.3,,,12.9,15.9,4938,,,,
2011,2011,AL,Alabama,Behavioral Risk Factor Surveillance System,Physical Activity,Physical Activity - Behavior,Percent of adults who achieve at least 150 minutes a week of moderate-intensity aerobic physical activity or 75 minutes a week of vigorous-intensity aerobic physical activity and engage in muscle-strengthening activities on 2 or more days a week,,Value,16.3,16.3,,,13.8,19.1,1851,,,,
2011,2011,AL,Alabama,Behavioral Risk Factor Surveillance System,Physical Activity,Physical Activity - Behavior,Percent of adults who achieve at least 150 minutes a week of moderate-intensity aerobic physical activity or 75 minutes a week of vigorous-intensity aerobic physical activity and engage in muscle-strengthening activities on 2 or more days a week,,Value,13,13,,,5.1,29.4,106,,,,
2011,2011,AL,Alabama,Behavioral Risk Factor Surveillance System,Physical Activity,Physical Activity - Behavior,Percent of adults who achieve at least 150 minutes a week of moderate-intensity aerobic physical activity or 75 minutes a week of vigorous-intensity aerobic physical activity and engage in muscle-strengthening activities on 2 or more days a week,,Value,,,~,Data not available because sample size is insufficient.,,,,,,,
2011,2011,AL,Alabama,Behavioral Risk Factor Surveillance System,Physical Activity,Physical Activity - Behavior,Percent of adults who achieve at least 150 minutes a week of moderate-intensity aerobic physical activity or 75 minutes a week of vigorous-intensity aerobic physical activity and engage in muscle-strengthening activities on 2 or more days a week,,Value,,,~,Data not available because sample size is insufficient.,,,,,,,
2011,2011,AL,Alabama,Behavioral Risk Factor Surveillance System,Physical Activity,Physical Activity - Behavior,Percent of adults who achieve at least 150 minutes a week of moderate-intensity aerobic physical activity or 75 minutes a week of vigorous-intensity aerobic physical activity and engage in muscle-strengthening activities on 2 or more days a week,,Value,15.3,15.3,,,6.3,32.7,63,,,,
2011,2011,AL,Alabama,Behavioral Risk Factor Surveillance System,Physical Activity,Physical Activity - Behavior,Percent of adults who achieve at least 150 minutes a week of moderate-intensity aerobic physical activity or 75 minutes a week of vigorous-intensity aerobic physical activity and engage in muscle-strengthening activities on 2 or more days a week,,Value,23.2,23.2,,,11.3,41.6,54,,,,
2011,2011,AL,Alabama,Behavioral Risk Factor Surveillance System,Physical Activity,Physical Activity - Behavior,Percent of adults who achieve at least 150 minutes a week of moderate-intensity aerobic physical activity or 75 minutes a week of vigorous-intensity aerobic physical activity and engage in muscle-strengthening activities on 2 or more days a week,,Value,,,~,Data not available because sample size is insufficient.,,,,,,,
2011,2011,AL,Alabama,Behavioral Risk Factor Surveillance System,Physical Activity,Physical Activity - Behavior,Percent of adults who achieve at least 300 minutes a week of moderate-intensity aerobic physical activity or 150 minutes a week of vigorous-intensity aerobic activity (or an equivalent combination),,Value,23.9,23.9,,,22.5,25.4,7152,Total,,,
2011,2011,AL,Alabama,Behavioral Risk Factor Surveillance System,Physical Activity,Physical Activity - Behavior,Percent of adults who achieve at least 300 minutes a week of moderate-intensity aerobic physical activity or 150 minutes a week of vigorous-intensity aerobic activity (or an equivalent combination),,Value,25.3,25.3,,,23,27.7,2429,,,,Male
2011,2011,AL,Alabama,Behavioral Risk Factor Surveillance System,Physical Activity,Physical Activity - Behavior,Percent of adults who achieve at least 300 minutes a week of moderate-intensity aerobic physical activity or 150 minutes a week of vigorous-intensity aerobic activity (or an equivalent combination),,Value,22.7,22.7,,,21,24.5,4723,,,,Female
2011,2011,AL,Alabama,Behavioral Risk Factor Surveillance System,Physical Activity,Physical Activity - Behavior,Percent of adults who achieve at least 300 minutes a week of moderate-intensity aerobic physical activity or 150 minutes a week of vigorous-intensity aerobic activity (or an equivalent combination),,Value,19.9,19.9,,,16.6,23.7,1111,,,Less than high school,
2011,2011,AL,Alabama,Behavioral Risk Factor Surveillance System,Physical Activity,Physical Activity - Behavior,Percent of adults who achieve at least 300 minutes a week of moderate-intensity aerobic physical activity or 150 minutes a week of vigorous-intensity aerobic activity (or an equivalent combination),,Value,22.6,22.6,,,20.3,25.1,2307,,,High school graduate,
2011,2011,AL,Alabama,Behavioral Risk Factor Surveillance System,Physical Activity,Physical Activity - Behavior,Percent of adults who achieve at least 300 minutes a week of moderate-intensity aerobic physical activity or 150 minutes a week of vigorous-intensity aerobic activity (or an equivalent combination),,Value,25.5,25.5,,,22.8,28.5,1916,,,Some college or technical school,
2011,2011,AL,Alabama,Behavioral Risk Factor Surveillance System,Physical Activity,Physical Activity - Behavior,Percent of adults who achieve at least 300 minutes a week of moderate-intensity aerobic physical activity or 150 minutes a week of vigorous-intensity aerobic activity (or an equivalent combination),,Value,27.3,27.3,,,24.7,30.1,1805,,,College graduate,
2011,2011,AL,Alabama,Behavioral Risk Factor Surveillance System,Physical Activity,Physical Activity - Behavior,Percent of adults who achieve at least 300 minutes a week of moderate-intensity aerobic physical activity or 150 minutes a week of vigorous-intensity aerobic activity (or an equivalent combination),,Value,25.8,25.8,,,20.5,31.9,352,,18 - 24,,
2012,2012,US,National,Behavioral Risk Factor Surveillance System,Obesity / Weight Status,Obesity / Weight Status,Percent of adults aged 18 years and older who have obesity,,Value,27.4,27.4,,,27,27.7,257190,,,,Female
2011,2011,AL,Alabama,Behavioral Risk Factor Surveillance System,Physical Activity,Physical Activity - Behavior,Percent of adults who achieve at least 300 minutes a week of moderate-intensity aerobic physical activity or 150 minutes a week of vigorous-intensity aerobic activity (or an equivalent combination),,Value,20.9,20.9,,,17.1,25.2,609,,25 - 34,,
2011,2011,AL,Alabama,Behavioral Risk Factor Surveillance System,Physical Activity,Physical Activity - Behavior,Percent of adults who achieve at least 300 minutes a week of moderate-intensity aerobic physical activity or 150 minutes a week of vigorous-intensity aerobic activity (or an equivalent combination),,Value,22.8,22.8,,,19.4,26.6,854,,35 - 44,,
2011,2011,AL,Alabama,Behavioral Risk Factor Surveillance System,Physical Activity,Physical Activity - Behavior,Percent of adults who achieve at least 300 minutes a week of moderate-intensity aerobic physical activity or 150 minutes a week of vigorous-intensity aerobic activity (or an equivalent combination),,Value,22.1,22.1,,,19.2,25.2,1275,,45 - 54,,
2011,2011,AL,Alabama,Behavioral Risk Factor Surveillance System,Physical Activity,Physical Activity - Behavior,Percent of adults who achieve at least 300 minutes a week of moderate-intensity aerobic physical activity or 150 minutes a week of vigorous-intensity aerobic activity (or an equivalent combination),,Value,23.5,23.5,,,20.9,26.3,1649,,55 - 64,,
2011,2011,AL,Alabama,Behavioral Risk Factor Surveillance System,Physical Activity,Physical Activity - Behavior,Percent of adults who achieve at least 300 minutes a week of moderate-intensity aerobic physical activity or 150 minutes a week of vigorous-intensity aerobic activity (or an equivalent combination),,Value,28.7,28.7,,,26.5,31,2413,,65 or older,,
2011,2011,AL,Alabama,Behavioral Risk Factor Surveillance System,Physical Activity,Physical Activity - Behavior,Percent of adults who achieve at least 300 minutes a week of moderate-intensity aerobic physical activity or 150 minutes a week of vigorous-intensity aerobic activity (or an equivalent combination),,Value,22.3,22.3,,,18.6,26.4,1054,,,,
2011,2011,AL,Alabama,Behavioral Risk Factor Surveillance System,Physical Activity,Physical Activity - Behavior,Percent of adults who achieve at least 300 minutes a week of moderate-intensity aerobic physical activity or 150 minutes a week of vigorous-intensity aerobic activity (or an equivalent combination),,Value,19.6,19.6,,,16.9,22.7,1338,,,,
2011,2011,AL,Alabama,Behavioral Risk Factor Surveillance System,Physical Activity,Physical Activity - Behavior,Percent of adults who achieve at least 300 minutes a week of moderate-intensity aerobic physical activity or 150 minutes a week of vigorous-intensity aerobic activity (or an equivalent combination),,Value,25,25,,,20.6,29.9,742,,,,
2011,2011,AL,Alabama,Behavioral Risk Factor Surveillance System,Physical Activity,Physical Activity - Behavior,Percent of adults who achieve at least 300 minutes a week of moderate-intensity aerobic physical activity or 150 minutes a week of vigorous-intensity aerobic activity (or an equivalent combination),,Value,28.3,28.3,,,24.2,32.7,847,,,,
2011,2011,AL,Alabama,Behavioral Risk Factor Surveillance System,Physical Activity,Physical Activity - Behavior,Percent of adults who achieve at least 300 minutes a week of moderate-intensity aerobic physical activity or 150 minutes a week of vigorous-intensity aerobic activity (or an equivalent combination),,Value,23.2,23.2,,,19.7,27.2,780,,,,
2011,2011,AL,Alabama,Behavioral Risk Factor Surveillance System,Physical Activity,Physical Activity - Behavior,Percent of adults who achieve at least 300 minutes a week of moderate-intensity aerobic physical activity or 150 minutes a week of vigorous-intensity aerobic activity (or an equivalent combination),,Value,28.5,28.5,,,25.1,32.3,1132,,,,
2011,2011,AL,Alabama,Behavioral Risk Factor Surveillance System,Physical Activity,Physical Activity - Behavior,Percent of adults who achieve at least 300 minutes a week of moderate-intensity aerobic physical activity or 150 minutes a week of vigorous-intensity aerobic activity (or an equivalent combination),,Value,22,22,,,18.4,25.9,1259,,,,
2011,2011,AL,Alabama,Behavioral Risk Factor Surveillance System,Physical Activity,Physical Activity - Behavior,Percent of adults who achieve at least 300 minutes a week of moderate-intensity aerobic physical activity or 150 minutes a week of vigorous-intensity aerobic activity (or an equivalent combination),,Value,24.4,24.4,,,22.8,26.2,4942,,,,
2011,2011,AL,Alabama,Behavioral Risk Factor Surveillance System,Physical Activity,Physical Activity - Behavior,Percent of adults who achieve at least 300 minutes a week of moderate-intensity aerobic physical activity or 150 minutes a week of vigorous-intensity aerobic activity (or an equivalent combination),,Value,22,22,,,19.3,25,1853,,,,
2011,2011,AL,Alabama,Behavioral Risk Factor Surveillance System,Physical Activity,Physical Activity - Behavior,Percent of adults who achieve at least 300 minutes a week of moderate-intensity aerobic physical activity or 150 minutes a week of vigorous-intensity aerobic activity (or an equivalent combination),,Value,24.4,24.4,,,13,40.9,106,,,,
2011,2011,AL,Alabama,Behavioral Risk Factor Surveillance System,Physical Activity,Physical Activity - Behavior,Percent of adults who achieve at least 300 minutes a week of moderate-intensity aerobic physical activity or 150 minutes a week of vigorous-intensity aerobic activity (or an equivalent combination),,Value,,,~,Data not available because sample size is insufficient.,,,,,,,
2011,2011,AL,Alabama,Behavioral Risk Factor Surveillance System,Physical Activity,Physical Activity - Behavior,Percent of adults who achieve at least 300 minutes a week of moderate-intensity aerobic physical activity or 150 minutes a week of vigorous-intensity aerobic activity (or an equivalent combination),,Value,,,~,Data not available because sample size is insufficient.,,,,,,,
2011,2011,AL,Alabama,Behavioral Risk Factor Surveillance System,Physical Activity,Physical Activity - Behavior,Percent of adults who achieve at least 300 minutes a week of moderate-intensity aerobic physical activity or 150 minutes a week of vigorous-intensity aerobic activity (or an equivalent combination),,Value,23.4,23.4,,,12.3,39.9,64,,,,
2011,2011,AL,Alabama,Behavioral Risk Factor Surveillance System,Physical Activity,Physical Activity - Behavior,Percent of adults who achieve at least 300 minutes a week of moderate-intensity aerobic physical activity or 150 minutes a week of vigorous-intensity aerobic activity (or an equivalent combination),,Value,29.1,29.1,,,14.7,49.4,55,,,,
2011,2011,AL,Alabama,Behavioral Risk Factor Surveillance System,Physical Activity,Physical Activity - Behavior,Percent of adults who achieve at least 300 minutes a week of moderate-intensity aerobic physical activity or 150 minutes a week of vigorous-intensity aerobic activity (or an equivalent combination),,Value,,,~,Data not available because sample size is insufficient.,,,,,,,
2011,2011,AL,Alabama,Behavioral Risk Factor Surveillance System,Physical Activity,Physical Activity - Behavior,Percent of adults who engage in muscle-strengthening activities on 2 or more days a week,,Value,23.4,23.4,,,19.1,28.2,757,,,,
2011,2011,AL,Alabama,Behavioral Risk Factor Surveillance System,Physical Activity,Physical Activity - Behavior,Percent of adults who engage in muscle-strengthening activities on 2 or more days a week,,Value,24.7,24.7,,,23.3,26.2,7415,Total,,,
2011,2011,AL,Alabama,Behavioral Risk Factor Surveillance System,Physical Activity,Physical Activity - Behavior,Percent of adults who engage in muscle-strengthening activities on 2 or more days a week,,Value,30.1,30.1,,,27.7,32.7,2513,,,,Male
2011,2011,AL,Alabama,Behavioral Risk Factor Surveillance System,Physical Activity,Physical Activity - Behavior,Percent of adults who engage in muscle-strengthening activities on 2 or more days a week,,Value,19.8,19.8,,,18.2,21.5,4902,,,,Female
2011,2011,AL,Alabama,Behavioral Risk Factor Surveillance System,Physical Activity,Physical Activity - Behavior,Percent of adults who engage in muscle-strengthening activities on 2 or more days a week,,Value,18.8,18.8,,,15.4,22.8,1165,,,Less than high school,
2011,2011,AL,Alabama,Behavioral Risk Factor Surveillance System,Physical Activity,Physical Activity - Behavior,Percent of adults who engage in muscle-strengthening activities on 2 or more days a week,,Value,22.9,22.9,,,20.4,25.7,2417,,,High school graduate,
2011,2011,AL,Alabama,Behavioral Risk Factor Surveillance System,Physical Activity,Physical Activity - Behavior,Percent of adults who engage in muscle-strengthening activities on 2 or more days a week,,Value,41.6,41.6,,,35.6,47.9,365,,18 - 24,,
2011,2011,AL,Alabama,Behavioral Risk Factor Surveillance System,Physical Activity,Physical Activity - Behavior,Percent of adults who engage in muscle-strengthening activities on 2 or more days a week,,Value,18.1,18.1,,,14.8,21.8,1102,,,,
2011,2011,AL,Alabama,Behavioral Risk Factor Surveillance System,Physical Activity,Physical Activity - Behavior,Percent of adults who engage in muscle-strengthening activities on 2 or more days a week,,Value,28.3,28.3,,,24.7,32.1,882,,35 - 44,,
2011,2011,AL,Alabama,Behavioral Risk Factor Surveillance System,Physical Activity,Physical Activity - Behavior,Percent of adults who engage in muscle-strengthening activities on 2 or more days a week,,Value,,,~,Data not available because sample size is insufficient.,,,,,,,
2011,2011,AL,Alabama,Behavioral Risk Factor Surveillance System,Physical Activity,Physical Activity - Behavior,Percent of adults who engage in muscle-strengthening activities on 2 or more days a week,,Value,20.6,20.6,,,10.2,37.2,65,,,,
2011,2011,AL,Alabama,Behavioral Risk Factor Surveillance System,Physical Activity,Physical Activity - Behavior,Percent of adults who engage in muscle-strengthening activities on 2 or more days a week,,Value,,,~,Data not available because sample size is insufficient.,,,,,,,
2011,2011,AL,Alabama,Behavioral Risk Factor Surveillance System,Physical Activity,Physical Activity - Behavior,Percent of adults who engage in muscle-strengthening activities on 2 or more days a week,,Value,28.3,28.3,,,25.2,31.6,1928,,,,
2011,2011,AL,Alabama,Behavioral Risk Factor Surveillance System,Physical Activity,Physical Activity - Behavior,Percent of adults who engage in muscle-strengthening activities on 2 or more days a week,,Value,26.2,26.2,,,22.4,30.3,1349,,,,
2011,2011,AL,Alabama,Behavioral Risk Factor Surveillance System,Physical Activity,Physical Activity - Behavior,Percent of adults who engage in muscle-strengthening activities on 2 or more days a week,,Value,28.8,28.8,,,24.6,33.4,803,,,,
2011,2011,AL,Alabama,Behavioral Risk Factor Surveillance System,Physical Activity,Physical Activity - Behavior,Percent of adults who engage in muscle-strengthening activities on 2 or more days a week,,Value,37.6,37.6,,,21.4,57.2,57,,,,
2011,2011,AL,Alabama,Behavioral Risk Factor Surveillance System,Physical Activity,Physical Activity - Behavior,Percent of adults who engage in muscle-strengthening activities on 2 or more days a week,,Value,,,~,Data not available because sample size is insufficient.,,,,,,,
2011,2011,AL,Alabama,Behavioral Risk Factor Surveillance System,Physical Activity,Physical Activity - Behavior,Percent of adults who engage in muscle-strengthening activities on 2 or more days a week,,Value,21.4,21.4,,,11.6,36.2,113,,,,
2011,2011,AL,Alabama,Behavioral Risk Factor Surveillance System,Physical Activity,Physical Activity - Behavior,Percent of adults who engage in muscle-strengthening activities on 2 or more days a week,,Value,23.2,23.2,,,21.6,25,5099,,,,
2011,2011,AL,Alabama,Behavioral Risk Factor Surveillance System,Physical Activity,Physical Activity - Behavior,Percent of adults who engage in muscle-strengthening activities on 2 or more days a week,,Value,29.4,29.4,,,25.9,33.2,1158,,,,
2011,2011,AL,Alabama,Behavioral Risk Factor Surveillance System,Physical Activity,Physical Activity - Behavior,Percent of adults who engage in muscle-strengthening activities on 2 or more days a week,,Value,27,27,,,22.9,31.6,868,,,,
2011,2011,AL,Alabama,Behavioral Risk Factor Surveillance System,Physical Activity,Physical Activity - Behavior,Percent of adults who engage in muscle-strengthening activities on 2 or more days a week,,Value,20.2,20.2,,,17.1,23.7,1378,,,,
2011,2011,AL,Alabama,Behavioral Risk Factor Surveillance System,Physical Activity,Physical Activity - Behavior,Percent of adults who engage in muscle-strengthening activities on 2 or more days a week,,Value,17.7,17.7,,,15.8,19.7,2512,,65 or older,,
2011,2011,AL,Alabama,Behavioral Risk Factor Surveillance System,Physical Activity,Physical Activity - Behavior,Percent of adults who engage in muscle-strengthening activities on 2 or more days a week,,Value,20.3,20.3,,,17.6,23.3,1312,,45 - 54,,
2011,2011,AL,Alabama,Behavioral Risk Factor Surveillance System,Physical Activity,Physical Activity - Behavior,Percent of adults who engage in muscle-strengthening activities on 2 or more days a week,,Value,28.3,28.3,,,24.2,32.8,623,,25 - 34,,
2011,2011,AL,Alabama,Behavioral Risk Factor Surveillance System,Physical Activity,Physical Activity - Behavior,Percent of adults who engage in no leisure-time physical activity,,Value,32.6,32.6,,,31.1,34.1,7470,Total,,,
2011,2011,AL,Alabama,Behavioral Risk Factor Surveillance System,Physical Activity,Physical Activity - Behavior,Percent of adults who engage in no leisure-time physical activity,,Value,29.6,29.6,,,27.2,32.1,2531,,,,Male
2011,2011,AL,Alabama,Behavioral Risk Factor Surveillance System,Physical Activity,Physical Activity - Behavior,Percent of adults who engage in no leisure-time physical activity,,Value,35.3,35.3,,,33.4,37.2,4939,,,,Female
2011,2011,AL,Alabama,Behavioral Risk Factor Surveillance System,Physical Activity,Physical Activity - Behavior,Percent of adults who engage in no leisure-time physical activity,,Value,46.3,46.3,,,42,50.6,1174,,,Less than high school,
2011,2011,AL,Alabama,Behavioral Risk Factor Surveillance System,Physical Activity,Physical Activity - Behavior,Percent of adults who engage in no leisure-time physical activity,,Value,33.5,33.5,,,30.8,36.2,2440,,,High school graduate,
2011,2011,AL,Alabama,Behavioral Risk Factor Surveillance System,Physical Activity,Physical Activity - Behavior,Percent of adults who engage in no leisure-time physical activity,,Value,31.6,31.6,,,28.9,34.5,1967,,,Some college or technical school,
2011,2011,AL,Alabama,Behavioral Risk Factor Surveillance System,Physical Activity,Physical Activity - Behavior,Percent of adults who engage in no leisure-time physical activity,,Value,19.6,19.6,,,17.3,22,1874,,,College graduate,
2011,2011,AL,Alabama,Behavioral Risk Factor Surveillance System,Physical Activity,Physical Activity - Behavior,Percent of adults who engage in no leisure-time physical activity,,Value,22.5,22.5,,,17.5,28.4,369,,18 - 24,,
2011,2011,AL,Alabama,Behavioral Risk Factor Surveillance System,Physical Activity,Physical Activity - Behavior,Percent of adults who engage in no leisure-time physical activity,,Value,27.2,27.2,,,23.1,31.7,628,,25 - 34,,
2011,2011,AL,Alabama,Behavioral Risk Factor Surveillance System,Physical Activity,Physical Activity - Behavior,Percent of adults who engage in no leisure-time physical activity,,Value,29.8,29.8,,,26.1,33.8,887,,35 - 44,,
2011,2011,AL,Alabama,Behavioral Risk Factor Surveillance System,Physical Activity,Physical Activity - Behavior,Percent of adults who engage in no leisure-time physical activity,,Value,35.3,35.3,,,32,38.8,1316,,45 - 54,,
2011,2011,AL,Alabama,Behavioral Risk Factor Surveillance System,Physical Activity,Physical Activity - Behavior,Percent of adults who engage in no leisure-time physical activity,,Value,37.9,37.9,,,34.8,41,1729,,55 - 64,,
2011,2011,AL,Alabama,Behavioral Risk Factor Surveillance System,Physical Activity,Physical Activity - Behavior,Percent of adults who engage in no leisure-time physical activity,,Value,39.8,39.8,,,37.4,42.3,2541,,65 or older,,
2011,2011,AL,Alabama,Behavioral Risk Factor Surveillance System,Physical Activity,Physical Activity - Behavior,Percent of adults who engage in no leisure-time physical activity,,Value,38.5,38.5,,,34.4,42.9,1113,,,,
2011,2011,AL,Alabama,Behavioral Risk Factor Surveillance System,Physical Activity,Physical Activity - Behavior,Percent of adults who engage in no leisure-time physical activity,,Value,38.6,38.6,,,35,42.4,1386,,,,
2011,2011,AL,Alabama,Behavioral Risk Factor Surveillance System,Physical Activity,Physical Activity - Behavior,Percent of adults who engage in no leisure-time physical activity,,Value,35.2,35.2,,,30.6,40,760,,,,
2011,2011,AL,Alabama,Behavioral Risk Factor Surveillance System,Physical Activity,Physical Activity - Behavior,Percent of adults who engage in no leisure-time physical activity,,Value,27.9,27.9,,,24.2,32,874,,,,
2011,2011,AL,Alabama,Behavioral Risk Factor Surveillance System,Physical Activity,Physical Activity - Behavior,Percent of adults who engage in no leisure-time physical activity,,Value,25.6,25.6,,,21.7,29.9,805,,,,
2012,2012,US,National,Behavioral Risk Factor Surveillance System,Obesity / Weight Status,Obesity / Weight Status,Percent of adults aged 18 years and older who have obesity,,Value,9.7,9.7,,,8.5,11.2,8252,,,,
2011,2011,AL,Alabama,Behavioral Risk Factor Surveillance System,Physical Activity,Physical Activity - Behavior,Percent of adults who engage in no leisure-time physical activity,,Value,20.8,20.8,,,18,24,1164,,,,
2011,2011,AL,Alabama,Behavioral Risk Factor Surveillance System,Physical Activity,Physical Activity - Behavior,Percent of adults who engage in no leisure-time physical activity,,Value,39.5,39.5,,,35.4,43.7,1368,,,,
2011,2011,AL,Alabama,Behavioral Risk Factor Surveillance System,Physical Activity,Physical Activity - Behavior,Percent of adults who engage in no leisure-time physical activity,,Value,31.5,31.5,,,29.7,33.3,5135,,,,
2011,2011,AL,Alabama,Behavioral Risk Factor Surveillance System,Physical Activity,Physical Activity - Behavior,Percent of adults who engage in no leisure-time physical activity,,Value,34.8,34.8,,,31.8,38,1943,,,,
2011,2011,AL,Alabama,Behavioral Risk Factor Surveillance System,Physical Activity,Physical Activity - Behavior,Percent of adults who engage in no leisure-time physical activity,,Value,42.5,42.5,,,28.7,57.5,115,,,,
2011,2011,AL,Alabama,Behavioral Risk Factor Surveillance System,Physical Activity,Physical Activity - Behavior,Percent of adults who engage in no leisure-time physical activity,,Value,,,~,Data not available because sample size is insufficient.,,,,,,,
2011,2011,AL,Alabama,Behavioral Risk Factor Surveillance System,Physical Activity,Physical Activity - Behavior,Percent of adults who engage in no leisure-time physical activity,,Value,,,~,Data not available because sample size is insufficient.,,,,,,,
2011,2011,AL,Alabama,Behavioral Risk Factor Surveillance System,Physical Activity,Physical Activity - Behavior,Percent of adults who engage in no leisure-time physical activity,,Value,41.6,41.6,,,25.9,59.1,66,,,,
2011,2011,AL,Alabama,Behavioral Risk Factor Surveillance System,Physical Activity,Physical Activity - Behavior,Percent of adults who engage in no leisure-time physical activity,,Value,20.1,20.1,,,10.4,35.3,58,,,,
2011,2011,AL,Alabama,Behavioral Risk Factor Surveillance System,Physical Activity,Physical Activity - Behavior,Percent of adults who engage in no leisure-time physical activity,,Value,,,~,Data not available because sample size is insufficient.,,,,,,,
2012,2012,AL,Alabama,Behavioral Risk Factor Surveillance System,Obesity / Weight Status,Obesity / Weight Status,Percent of adults aged 18 years and older who have obesity,,Value,33,33,,,31.5,34.4,8651,Total,,,
2012,2012,AL,Alabama,Behavioral Risk Factor Surveillance System,Obesity / Weight Status,Obesity / Weight Status,Percent of adults aged 18 years and older who have obesity,,Value,31.8,31.8,,,29.5,34.1,3016,,,,Male
2012,2012,AL,Alabama,Behavioral Risk Factor Surveillance System,Obesity / Weight Status,Obesity / Weight Status,Percent of adults aged 18 years and older who have obesity,,Value,34.1,34.1,,,32.3,35.9,5635,,,,Female
2012,2012,AL,Alabama,Behavioral Risk Factor Surveillance System,Obesity / Weight Status,Obesity / Weight Status,Percent of adults aged 18 years and older who have obesity,,Value,35.2,35.2,,,31.2,39.4,1180,,,Less than high school,
2012,2012,AL,Alabama,Behavioral Risk Factor Surveillance System,Obesity / Weight Status,Obesity / Weight Status,Percent of adults aged 18 years and older who have obesity,,Value,33.5,33.5,,,31.1,36.1,2772,,,High school graduate,
2012,2012,AL,Alabama,Behavioral Risk Factor Surveillance System,Obesity / Weight Status,Obesity / Weight Status,Percent of adults aged 18 years and older who have obesity,,Value,34.4,34.4,,,31.7,37.3,2405,,,Some college or technical school,
2012,2012,AL,Alabama,Behavioral Risk Factor Surveillance System,Obesity / Weight Status,Obesity / Weight Status,Percent of adults aged 18 years and older who have obesity,,Value,27.8,27.8,,,25.5,30.3,2285,,,College graduate,
2012,2012,AL,Alabama,Behavioral Risk Factor Surveillance System,Obesity / Weight Status,Obesity / Weight Status,Percent of adults aged 18 years and older who have obesity,,Value,23.9,23.9,,,18.9,29.7,363,,18 - 24,,
2012,2012,AL,Alabama,Behavioral Risk Factor Surveillance System,Obesity / Weight Status,Obesity / Weight Status,Percent of adults aged 18 years and older who have obesity,,Value,31.3,31.3,,,27.4,35.6,731,,25 - 34,,
2012,2012,AL,Alabama,Behavioral Risk Factor Surveillance System,Obesity / Weight Status,Obesity / Weight Status,Percent of adults aged 18 years and older who have obesity,,Value,34.1,34.1,,,30.3,38.1,964,,35 - 44,,
2012,2012,AL,Alabama,Behavioral Risk Factor Surveillance System,Obesity / Weight Status,Obesity / Weight Status,Percent of adults aged 18 years and older who have obesity,,Value,39.7,39.7,,,36.5,43.1,1433,,45 - 54,,
2012,2012,AL,Alabama,Behavioral Risk Factor Surveillance System,Obesity / Weight Status,Obesity / Weight Status,Percent of adults aged 18 years and older who have obesity,,Value,40.3,40.3,,,37.5,43.2,2081,,55 - 64,,
